simlarity_rate,average_cosine_similarity,average_bleu_score
[0.81],[0.8265771484216756],[0.1186072236804453]
[0.73],[0.7840415253581322],[0.11043904775034888]
[0.13],[0.09689400266368624],[0.003374759211228923]
[0.09],[0.07897297619420102],[0.004464920397883963]
