simlarity_rate,average_cosine_similarity,average_bleu_score
[0.99],[0.713135820900537],[0.029133224623590935]
[0.99],[0.7288022713118778],[0.04017889940597778]
[1.0],[0.7886124735027338],[0.060627437725476734]
[0.32],[0.14136206180600197],[0.0019215584027689836]
[0.32],[0.1447860743702339],[0.00295053742098359]
